field_id,field_name,commodity_2023,field_acres,year,yield_bu_ac,avg_temp_c,max_temp_c,min_temp_c,annual_precip_mm,avg_rh_pct,avg_wind_m_s
F001,North Field,Wheat,179,2023,63.1,14.092328767123288,45.1,-16.8,299.5,68.94027397260274,5.7065753424657535
F002,South Field,Soybeans,138,2023,76.5,12.73890410958904,44.8,-15.5,304.0,68.60027397260274,5.463835616438356
F003,East Field,Corn,240,2023,195.2,14.095342465753426,42.4,-17.2,354.9,68.07671232876713,5.712328767123288
F004,West Field,Alfalfa,64,2023,9.6,13.22931506849315,45.1,-23.3,376.5,66.37232876712329,5.613424657534247
F005,Valley Plot,Corn,200,2023,184.7,13.02931506849315,42.2,-15.7,304.5,68.41013698630137,5.910684931506849
F006,Hilltop Field,Soybeans,145,2023,78.9,13.553972602739725,44.2,-14.7,326.7,69.99479452054794,5.632328767123288
F007,Meadow Pasture,Soybeans,177,2023,56.5,12.322739726027399,41.2,-18.3,353.1,69.83123287671233,5.721369863013699
F008,Cropland A,Corn,145,2023,214.6,15.18986301369863,44.1,-13.2,364.4,69.29534246575342,5.931232876712329
F009,Cropland B,Soybeans,221,2023,70.1,11.837260273972603,40.1,-18.7,298.7,69.97424657534246,5.584657534246576
F010,Pasture North,Wheat,236,2023,62.0,14.707397260273972,44.2,-16.0,240.3,69.5304109589041,5.726575342465753
F011,Ridge Field,Alfalfa,161,2023,9.5,12.60931506849315,44.5,-17.1,254.2,68.49643835616439,5.570958904109589
F012,Bottomland,Alfalfa,133,2023,11.0,11.768219178082191,40.1,-20.5,313.2,69.64904109589041,5.581095890410959
F013,Oak Grove,Corn,177,2023,234.7,14.703287671232877,43.8,-15.8,267.4,69.01643835616439,5.839178082191781
F014,Maple Creek,Wheat,98,2023,47.8,12.721917808219178,43.4,-18.5,386.2,70.00356164383561,5.608219178082192
F015,Prairie View,Soybeans,103,2023,76.5,13.204931506849315,42.4,-17.0,229.7,69.41945205479452,5.742191780821918
F016,Spring Hill,Alfalfa,109,2023,9.9,13.848767123287672,41.8,-18.8,295.4,68.1386301369863,5.478082191780822
F017,Elm Lane,Corn,98,2023,167.0,13.027945205479451,44.3,-17.4,238.5,69.39041095890411,5.65917808219178
F018,Cedar Rapids,Alfalfa,207,2023,8.8,14.821369863013699,44.3,-14.4,284.1,69.99095890410959,5.736712328767124
F019,Pine Haven,Soybeans,178,2023,54.4,12.264109589041094,40.9,-19.0,289.4,68.10986301369863,5.626301369863014
F020,Birch Meadow,Soybeans,225,2023,75.8,12.481095890410959,43.4,-16.5,313.0,68.79068493150685,5.551232876712329
F021,Willow Creek,Corn,209,2023,213.6,13.43178082191781,42.6,-15.6,302.7,68.45123287671233,5.693150684931507
F022,Maple Grove,Alfalfa,130,2023,9.3,13.040000000000001,40.6,-15.9,300.5,69.10356164383562,5.664931506849315
F023,Red Oak,Soybeans,85,2023,74.1,14.055068493150685,42.9,-15.3,350.8,68.65095890410959,5.686301369863013
F024,Silver Lake,Soybeans,196,2023,58.4,13.106849315068493,42.1,-18.2,268.5,69.23917808219178,5.675068493150685
F025,Hickory Hill,Alfalfa,171,2023,9.7,12.973698630136985,42.2,-17.2,399.6,69.95397260273973,5.546849315068493
F026,Walnut Farm,Soybeans,158,2023,79.7,12.266301369863013,40.9,-19.4,267.6,68.03205479452055,5.468767123287671
F027,Chestnut Field,Corn,249,2023,203.9,14.055068493150685,42.9,-15.3,350.8,68.65095890410959,5.686301369863013
F028,Sycamore Plot,Corn,196,2023,197.2,14.402191780821918,47.1,-14.9,284.2,69.06876712328767,5.558904109589041
F029,Cottonwood,Soybeans,235,2023,60.6,13.018082191780822,44.3,-19.0,256.6,67.9786301369863,5.555616438356164
F030,Aspen Ridge,Alfalfa,105,2023,12.2,13.044109589041097,42.0,-17.5,239.2,69.35534246575342,5.61945205479452
F031,River Bend,Alfalfa,55,2023,10.2,12.706849315068494,42.1,-17.5,309.3,68.9786301369863,5.510410958904109
F032,Hillcrest,Wheat,121,2023,57.2,12.865205479452055,44.2,-17.9,281.3,68.92520547945206,5.58027397260274
F033,Farmers Fields,Wheat,241,2023,53.8,13.604657534246575,46.3,-16.2,309.7,69.79616438356165,5.603013698630137
F034,Green Pasture,Soybeans,133,2023,65.4,14.18,42.0,-17.6,275.8,69.05863013698631,5.739726027397261
F035,Sunny Meadow,Corn,171,2023,183.1,14.22054794520548,44.3,-15.8,290.3,68.38219178082191,5.502739726027397
F036,Golden Fields,Soybeans,156,2023,51.2,13.55972602739726,43.1,-19.2,313.3,68.48575342465753,5.71013698630137
F037,Old Orchard,Corn,156,2023,197.2,13.176712328767124,41.6,-18.0,331.5,68.7041095890411,5.473972602739726
F038,Wildflower,Wheat,158,2023,49.8,13.462191780821918,42.7,-18.4,326.9,68.50821917808219,5.733972602739726
F039,Clover Creek,Wheat,161,2023,64.8,12.574794520547945,42.9,-17.2,344.0,68.94520547945206,5.7194520547945205
F040,Marsh View,Wheat,228,2023,45.9,13.67013698630137,43.0,-16.2,265.3,68.27479452054794,5.752602739726027
F041,Riverside,Soybeans,126,2023,60.4,13.302465753424656,41.6,-17.4,265.8,68.11287671232877,5.583013698630137
F042,Lakeside,Soybeans,237,2023,71.0,13.282739726027398,43.2,-21.9,400.0,69.64328767123287,5.509041095890411
F043,Mountain View,Corn,181,2023,180.1,14.34054794520548,46.7,-15.6,332.5,67.45123287671233,5.834520547945205
F044,Valley View,Alfalfa,116,2023,9.3,13.72849315068493,41.9,-16.8,313.9,69.34657534246575,5.6189041095890415
F045,Forest Edge,Wheat,87,2023,66.9,13.215616438356165,43.7,-16.9,264.5,68.8309589041096,5.656438356164383
F046,Woodland,Alfalfa,87,2023,8.9,11.768219178082191,40.1,-20.5,313.2,69.64904109589041,5.581095890410959
F047,Stone Creek,Wheat,100,2023,43.4,12.752328767123288,43.0,-14.6,338.6,68.29534246575342,5.533150684931506
F048,Sand Ridge,Wheat,166,2023,46.1,12.371232876712329,42.5,-17.1,288.0,68.12027397260275,5.565479452054794
F049,Rocky Hill,Soybeans,112,2023,73.6,14.48027397260274,42.8,-16.8,199.1,67.58438356164383,5.827945205479452
F050,Quiet Acres,Corn,78,2023,204.2,13.571780821917807,45.0,-15.1,382.3,68.71561643835616,5.804109589041096
F051,Hidden Valley,Wheat,159,2023,48.1,13.501917808219178,42.7,-18.1,343.0,70.2868493150685,5.7126027397260275
F052,Dew Point,Alfalfa,137,2023,11.8,13.518904109589041,42.2,-18.4,261.5,68.93095890410959,5.578356164383561
F053,Morning Mist,Alfalfa,197,2023,10.4,13.998904109589041,41.7,-17.3,368.3,68.32,5.726849315068494
F054,Evening Shade,Wheat,163,2023,43.7,14.950410958904108,45.2,-17.0,267.0,68.51808219178082,5.756712328767123
F055,Sunrise Field,Corn,171,2023,209.9,13.000273972602741,45.1,-16.3,261.3,69.05863013698631,5.62986301369863
F056,Sunset Meadow,Wheat,242,2023,66.3,13.894794520547947,50.1,-16.5,219.4,69.2386301369863,5.802191780821918
F057,Twilight Pasture,Corn,130,2023,237.8,13.018904109589041,41.7,-18.5,372.9,69.5641095890411,5.607397260273973
F058,Dawn Creek,Soybeans,98,2023,61.7,12.724383561643835,42.6,-19.9,307.4,69.1690410958904,5.6695890410958905
F059,Dusk Valley,Wheat,96,2023,43.5,13.520547945205479,43.9,-18.6,297.5,68.01178082191781,5.760547945205479
F060,Blue Sky,Soybeans,66,2023,68.5,12.273150684931506,44.5,-22.1,325.8,68.71835616438356,5.453150684931507
F061,Green Leaf,Corn,104,2023,187.8,13.119452054794522,42.4,-17.6,232.1,68.82109589041096,5.68
F062,Golden Sun,Corn,226,2023,210.0,13.393972602739726,41.8,-18.9,236.2,68.8972602739726,5.750684931506849
F063,Silver Moon,Alfalfa,202,2023,11.2,14.395342465753425,44.4,-17.3,339.8,70.32684931506849,5.791232876712329
F064,Red Barn,Corn,171,2023,223.5,14.859178082191782,46.5,-17.9,264.8,70.02054794520548,5.7753424657534245
F065,White Fence,Soybeans,202,2023,67.1,12.742465753424657,44.1,-16.8,292.5,68.88575342465754,5.514794520547945
F066,Old Mill,Corn,111,2023,215.1,12.605205479452053,40.4,-17.3,300.6,69.5172602739726,5.5389041095890414
F067,Country Road,Soybeans,215,2023,65.2,13.585753424657534,43.2,-18.7,318.5,69.50246575342466,5.64
F068,Farm House,Corn,66,2023,234.7,13.71013698630137,43.3,-16.8,246.3,69.10383561643836,5.673698630136987
F069,Pond Side,Corn,66,2023,240.3,12.554246575342466,45.3,-18.1,370.0,69.49369863013699,5.632328767123288
F070,Woods Edge,Soybeans,107,2023,54.4,13.28986301369863,42.3,-16.0,304.9,67.67150684931507,5.599726027397261
F071,Garden Spot,Alfalfa,70,2023,10.1,13.152054794520549,41.6,-18.3,319.0,68.6841095890411,5.676986301369863
F072,Harvest Moon,Wheat,194,2023,52.2,14.747671232876712,49.6,-15.0,327.7,69.93808219178082,5.643561643835617
F073,Spring Rain,Soybeans,225,2023,75.7,13.685205479452057,44.1,-19.2,204.4,68.6145205479452,5.69917808219178
F074,Winter Snow,Corn,228,2023,199.1,13.195890410958905,41.4,-16.2,253.1,67.87698630136985,5.594520547945206
F075,Summer Heat,Alfalfa,215,2023,11.0,13.157260273972602,42.0,-16.6,317.0,69.08958904109589,5.416712328767123
F076,Fall Leaves,Soybeans,176,2023,74.8,13.875068493150684,43.9,-15.0,254.5,69.43424657534247,5.652054794520548
F077,North Ridge,Soybeans,185,2023,78.7,14.733424657534247,44.3,-15.8,227.8,68.73205479452055,5.698630136986301
F078,South Slope,Alfalfa,238,2023,10.6,13.823561643835617,45.8,-15.7,320.3,69.18712328767123,5.628493150684932
F079,East Valley,Soybeans,174,2023,67.5,14.274794520547946,42.1,-14.8,326.7,67.65506849315068,5.6997260273972605
F080,West Hill,Wheat,172,2023,43.4,12.996986301369862,40.6,-17.7,275.6,68.64794520547945,5.538356164383561
F081,Center Field,Corn,220,2023,226.8,13.555068493150685,42.6,-19.7,269.5,68.6972602739726,5.52986301369863
F082,Middle Pasture,Alfalfa,78,2023,12.0,14.508219178082191,43.6,-16.0,362.0,68.04767123287671,5.751780821917809
F083,Upper Meadow,Wheat,221,2023,54.8,13.43013698630137,42.0,-15.7,294.0,68.59150684931507,5.781643835616439
F084,Lower Creek,Alfalfa,207,2023,10.7,14.339178082191781,43.3,-15.5,271.1,67.92109589041097,5.660821917808219
F085,Upper Ridge,Alfalfa,138,2023,11.7,13.406301369863014,42.6,-13.6,295.0,69.6358904109589,5.796438356164383
F086,Lower Valley,Corn,114,2023,188.4,12.922739726027398,42.3,-17.1,314.6,68.32054794520548,5.523287671232877
F087,Highland,Alfalfa,247,2023,11.0,14.233698630136987,43.5,-16.8,285.5,68.2613698630137,5.588493150684932
F088,Lowland,Corn,74,2023,213.8,14.086301369863014,44.3,-17.8,315.0,70.04547945205479,5.713424657534246
F089,Prime Acres,Corn,56,2023,204.1,14.815890410958904,45.0,-13.2,274.8,68.30712328767123,5.722739726027398
F090,Heritage Farm,Wheat,58,2023,48.6,14.82054794520548,46.5,-19.2,312.4,69.92109589041097,5.7904109589041095
F091,Family Fields,Soybeans,98,2023,76.5,13.703287671232877,44.2,-16.5,357.1,69.62191780821918,5.646027397260275
F092,Legacy Pasture,Corn,174,2023,194.4,13.243013698630136,41.9,-17.2,376.2,69.1358904109589,5.59013698630137
F093,Founders Field,Alfalfa,98,2023,11.6,12.752328767123288,43.0,-14.6,338.6,68.29534246575342,5.533150684931506
F094,Pioneer Plot,Alfalfa,199,2023,10.1,13.026849315068494,40.8,-17.3,320.9,69.13123287671233,5.593424657534246
F095,Settlement Field,Wheat,54,2023,68.9,12.457534246575342,42.8,-17.5,430.4,69.69808219178081,5.631780821917808
F096,Homestead Meadow,Soybeans,242,2023,65.8,13.157260273972602,42.0,-16.6,317.0,69.08958904109589,5.416712328767123
F097,Colonial Creek,Alfalfa,116,2023,11.0,13.393972602739726,41.8,-18.9,236.2,68.8972602739726,5.750684931506849
F098,Historic Farm,Corn,180,2023,245.4,14.57123287671233,43.4,-16.5,286.6,69.97397260273972,5.8002739726027395
F099,Liberty Field,Soybeans,54,2023,49.2,14.22054794520548,44.3,-15.8,290.3,68.38219178082191,5.502739726027397
F100,Freedom Pasture,Wheat,150,2023,68.4,13.621095890410958,43.6,-17.4,302.4,69.98876712328767,5.693972602739726
F101,Prairie Wind,Wheat,214,2023,65.7,12.823287671232876,40.7,-19.5,418.0,68.8786301369863,5.6408219178082195
F102,Golden Harvest,Wheat,156,2023,49.3,13.662465753424659,42.3,-18.2,369.5,68.85342465753425,5.844383561643835
F103,Sunny Slope,Wheat,236,2023,56.8,13.237534246575342,43.4,-17.7,245.0,68.86958904109589,5.716164383561644
F104,Rolling Hills,Soybeans,56,2023,64.7,13.169315068493152,44.4,-19.9,262.6,68.68575342465753,5.427397260273972
F105,Meadow Brook,Wheat,213,2023,41.5,12.004109589041096,42.5,-18.6,398.8,70.00904109589041,5.537808219178082
F106,Old Farmstead,Soybeans,241,2023,77.7,12.542739726027397,43.9,-16.2,244.1,69.55506849315069,5.565479452054794
F107,River Valley,Soybeans,247,2023,49.1,14.227945205479452,44.3,-15.8,313.1,68.25123287671234,5.776164383561644
F108,Creek Side,Soybeans,235,2023,51.4,11.713150684931508,42.6,-19.5,393.1,70.47972602739726,5.50027397260274
F109,Hilltop View,Alfalfa,53,2023,12.2,12.426027397260274,43.3,-16.7,308.8,70.0931506849315,5.456986301369863
F110,Valley Floor,Alfalfa,218,2023,8.5,13.875068493150684,43.9,-15.0,254.5,69.43424657534247,5.652054794520548
F111,North Pasture,Soybeans,193,2023,60.5,12.361917808219179,41.8,-19.0,287.8,68.9213698630137,5.603287671232877
F112,South Meadow,Alfalfa,124,2023,9.9,13.527397260273972,42.9,-15.8,279.9,69.57150684931507,5.52027397260274
F113,East Ridge,Alfalfa,80,2023,10.3,13.716986301369863,43.9,-17.5,298.5,69.24520547945205,5.684931506849315
F114,West Field,Corn,127,2023,203.1,13.341643835616438,43.4,-17.7,293.9,68.83041095890411,5.456712328767123
F115,Center Pasture,Alfalfa,208,2023,10.8,11.975342465753425,39.9,-19.2,317.5,68.83643835616438,5.581643835616438
F116,Corner Plot,Corn,162,2023,216.9,13.644931506849314,42.5,-14.5,243.2,68.82109589041096,5.701369863013698
F117,Back Forty,Alfalfa,82,2023,9.2,13.110684931506848,44.0,-17.2,256.1,69.27863013698631,5.64931506849315
F118,Front Acres,Alfalfa,164,2023,9.8,13.71178082191781,42.1,-16.4,337.6,69.30082191780822,5.806027397260274
F119,Home Farm,Corn,202,2023,215.0,11.995342465753426,44.2,-19.9,279.2,68.53369863013698,5.633424657534246
F120,Cross Creek,Alfalfa,121,2023,10.6,14.632054794520547,43.6,-16.7,262.5,68.82191780821918,5.8523287671232875
F121,Deep Water,Corn,230,2023,219.4,13.427397260273972,41.3,-14.7,260.1,68.45287671232876,5.64
F122,Sandy Loam,Alfalfa,241,2023,11.3,13.094794520547946,42.7,-20.6,356.3,68.89753424657533,5.577260273972603
F123,Clay Bank,Wheat,237,2023,56.7,12.426027397260274,43.3,-16.7,308.8,70.0931506849315,5.456986301369863
F124,Gravel Pit,Wheat,72,2023,54.5,13.523835616438356,40.6,-17.8,304.7,68.96273972602741,5.794794520547945
F125,Timber Edge,Corn,217,2023,225.1,12.605479452054794,41.9,-18.5,296.0,69.50931506849315,5.630410958904109
F126,Oak Hill,Corn,224,2023,207.4,15.250410958904109,44.4,-17.2,305.3,69.96520547945205,5.901917808219178
F127,Maple Grove,Alfalfa,77,2023,9.5,13.163561643835616,41.3,-17.4,399.0,68.58,5.494520547945205
F128,Cedar Lane,Soybeans,226,2023,65.0,12.314246575342466,41.4,-17.9,319.0,68.76876712328767,5.672054794520548
F129,Pine Ridge,Soybeans,176,2023,66.3,14.891506849315068,43.1,-15.4,297.7,69.69315068493151,5.683835616438356
F130,Birch Run,Alfalfa,80,2023,8.6,14.651232876712328,45.0,-14.7,285.7,68.91342465753425,5.715890410958905
F131,Willow Bend,Soybeans,141,2023,76.2,14.48027397260274,42.8,-16.8,199.1,67.58438356164383,5.827945205479452
F132,Elm Creek,Corn,241,2023,178.6,12.433150684931508,43.0,-18.3,341.5,68.79643835616439,5.489041095890411
F133,Ash Grove,Corn,236,2023,206.1,12.23890410958904,41.4,-18.4,265.6,67.40630136986302,5.530958904109589
F134,Spruce Point,Wheat,109,2023,72.6,13.15972602739726,41.4,-16.3,282.6,69.15424657534247,5.706027397260273
F135,Fir Branch,Wheat,224,2023,71.7,15.006849315068493,44.0,-16.3,284.3,69.0358904109589,5.752328767123287
F136,Juniper Field,Alfalfa,94,2023,8.8,13.09945205479452,43.8,-16.6,260.8,68.41780821917808,5.384383561643835
F137,Cypress Swamp,Soybeans,90,2023,66.3,12.359178082191782,42.0,-20.0,310.8,68.68273972602739,5.652602739726027
F138,Redbud Patch,Corn,183,2023,235.7,14.891506849315068,43.1,-15.4,297.7,69.69315068493151,5.683835616438356
F139,Dogwood Corner,Soybeans,193,2023,78.5,14.821369863013699,44.3,-14.4,284.1,69.99095890410959,5.736712328767124
F140,Magnolia Plot,Soybeans,225,2023,80.5,13.05945205479452,43.4,-17.6,287.2,68.54520547945205,5.701917808219178
F141,Hickory Hollow,Wheat,192,2023,66.3,11.936712328767122,42.7,-17.2,286.6,69.66356164383562,5.662191780821917
F142,Walnut Grove,Corn,154,2023,239.5,13.040000000000001,40.6,-15.9,300.5,69.10356164383562,5.664931506849315
F143,Chestnut Hill,Corn,208,2023,176.9,14.0413698630137,43.4,-17.1,324.4,68.33424657534246,5.709315068493151
F144,Sycamore Ridge,Corn,244,2023,246.5,14.168219178082191,43.3,-14.3,279.7,67.73205479452055,5.621095890410959
F145,Poplar Field,Alfalfa,209,2023,10.6,14.45945205479452,49.2,-14.8,316.7,68.34301369863014,5.682191780821918
F146,Cotton Row,Soybeans,234,2023,47.0,13.535616438356165,44.1,-15.3,282.4,68.92931506849315,5.7315068493150685
F147,Tobacco Barn,Corn,177,2023,203.2,14.124109589041096,46.2,-18.6,252.8,69.03479452054795,5.615342465753424
F148,Corn Patch,Corn,132,2023,180.0,14.556164383561644,44.8,-16.4,363.6,69.68164383561644,5.808219178082192
F149,Soybean Field,Alfalfa,174,2023,9.3,14.624383561643835,41.7,-17.4,362.8,69.98301369863013,5.692328767123287
F150,Wheat Acre,Corn,180,2023,230.1,13.216712328767125,41.8,-16.7,238.70000000000002,68.89068493150684,5.64986301369863
F151,Alfalfa Stand,Wheat,186,2023,72.8,12.542739726027397,43.9,-16.2,244.1,69.55506849315069,5.565479452054794
F152,Clover Field,Soybeans,142,2023,65.7,13.36,42.6,-18.8,428.0,69.3,5.772328767123288
F153,Bluegrass Pasture,Soybeans,205,2023,80.4,13.946849315068494,44.6,-15.9,373.8,68.46904109589042,5.752054794520548
F154,Fescue Meadow,Soybeans,158,2023,46.8,13.736438356164385,43.5,-17.0,308.09999999999997,69.23260273972603,5.651232876712328
F155,Timothy Lot,Alfalfa,183,2023,10.3,13.998630136986302,42.8,-15.5,336.1,67.93808219178082,5.617808219178082
F156,Brome Grass,Soybeans,76,2023,56.6,13.535616438356165,44.1,-15.3,282.4,68.92931506849315,5.7315068493150685
F157,Orchard Row,Corn,89,2023,191.8,13.662465753424659,42.3,-18.2,369.5,68.85342465753425,5.844383561643835
F158,Vineyard Hill,Wheat,77,2023,48.2,14.815890410958904,45.0,-13.2,274.8,68.30712328767123,5.722739726027398
F159,Berry Patch,Wheat,191,2023,57.2,13.696712328767124,42.3,-16.1,390.5,69.58904109589041,5.572876712328767
F160,Vegetable Plot,Alfalfa,168,2023,11.7,13.505205479452053,43.2,-15.7,322.9,69.30219178082191,5.497808219178082
F161,Garden Row,Alfalfa,180,2023,8.8,14.278082191780822,45.0,-15.9,297.3,69.35534246575342,5.506301369863014
F162,Orchard Acre,Corn,145,2023,181.2,12.739178082191781,41.1,-18.8,303.6,68.5731506849315,5.568767123287671
F163,Fruit Grove,Wheat,204,2023,58.2,13.051780821917808,43.4,-15.7,303.5,68.28876712328767,5.568767123287671
F164,Nut Orchard,Alfalfa,150,2023,7.4,14.57068493150685,47.9,-16.3,329.7,69.09260273972602,5.496438356164384
F165,Silage Field,Corn,124,2023,209.9,12.640821917808218,40.9,-19.9,235.4,68.5704109589041,5.484109589041096
F166,Cover Crop,Corn,190,2023,217.4,13.586027397260272,42.9,-17.3,278.1,68.9772602739726,5.592328767123288
F167,Green Manure,Alfalfa,70,2023,9.8,12.433150684931508,43.0,-18.3,341.5,68.79643835616439,5.489041095890411
F168,Fallow Ground,Soybeans,58,2023,48.1,14.33808219178082,40.9,-19.5,287.0,69.12821917808219,5.723287671232876
F169,Set Aside,Corn,226,2023,211.5,13.32054794520548,41.9,-16.8,284.6,68.68246575342465,5.730410958904109
F170,Conservation Area,Alfalfa,172,2023,11.9,12.957808219178084,43.4,-16.0,365.1,70.48328767123289,5.707397260273972
F171,Wetland Buffer,Alfalfa,236,2023,8.8,13.792602739726028,43.6,-17.1,231.0,69.05452054794522,5.66027397260274
F172,Filter Strip,Corn,92,2023,245.4,14.18,42.0,-17.6,275.8,69.05863013698631,5.739726027397261
F173,Grass Waterway,Wheat,119,2023,69.7,12.945479452054796,41.9,-16.8,357.3,68.26712328767124,5.587945205479452
F174,Terrace Row,Wheat,156,2023,46.6,12.382191780821918,41.5,-17.2,233.7,68.09917808219178,5.485479452054794
F175,Contour Strip,Corn,127,2023,219.9,13.487123287671233,43.1,-16.6,335.09999999999997,70.13890410958905,5.646575342465753
F176,Windbreak Lane,Alfalfa,97,2023,8.4,11.604109589041096,42.3,-17.9,314.5,69.54958904109589,5.421095890410959
F177,Shelter Belt,Soybeans,58,2023,70.9,11.79041095890411,41.4,-24.4,359.8,69.71123287671233,5.367671232876712
F178,Hedgerow Field,Soybeans,206,2023,62.7,14.22054794520548,44.3,-15.8,290.3,68.38219178082191,5.502739726027397
F179,Pollinator Patch,Soybeans,89,2023,65.8,13.374246575342466,43.5,-15.0,362.3,68.97917808219178,5.646027397260275
F180,Wildlife Food Plot,Corn,116,2023,254.3,11.684383561643836,41.2,-22.0,328.6,69.90054794520549,5.531232876712329
F181,Native Prairie,Alfalfa,53,2023,10.3,13.106849315068493,42.1,-18.2,268.5,69.23917808219178,5.675068493150685
F182,Restored Wetland,Corn,157,2023,193.1,14.85013698630137,43.1,-15.8,316.1,68.44136986301369,5.71068493150685
F183,Woodland Edge,Corn,180,2023,223.5,13.692602739726027,42.9,-16.0,295.7,68.13671232876713,5.54
F184,Riparian Zone,Soybeans,141,2023,61.6,12.797808219178082,43.5,-19.5,323.6,69.85972602739726,5.666849315068493
F185,Steep Pasture,Soybeans,66,2023,55.5,12.712054794520547,42.7,-16.5,276.4,68.66849315068494,5.717260273972603
F186,Gentle Slope,Alfalfa,110,2023,8.9,13.452328767123289,42.1,-17.0,325.9,68.48630136986301,5.635890410958904
F187,Level Terrain,Alfalfa,168,2023,8.3,14.74904109589041,45.3,-14.8,272.3,69.326301369863,5.761643835616439
F188,Rolling Upland,Corn,226,2023,224.4,13.09041095890411,43.0,-16.6,364.6,69.44136986301369,5.584383561643835
F189,Bottom Floodplain,Corn,98,2023,238.0,12.892054794520549,45.1,-18.3,297.7,68.89671232876712,5.692328767123287
F190,Terrace Top,Alfalfa,86,2023,10.4,12.325479452054795,41.1,-18.1,341.7,68.83041095890411,5.687945205479452
F191,Hill Shoulder,Corn,86,2023,202.3,13.987945205479454,42.8,-17.1,299.8,69.20602739726027,5.660821917808219
F192,Valley Bottom,Wheat,122,2023,48.0,12.98958904109589,43.2,-18.6,281.2,68.23835616438356,5.456986301369863
F193,Plateau Field,Wheat,132,2023,65.8,11.800547945205478,40.8,-18.1,247.79999999999998,68.81671232876712,5.416986301369863
F194,Escarpment Edge,Alfalfa,101,2023,11.1,13.702739726027398,45.6,-15.9,310.2,68.35287671232877,5.545753424657534
F195,Draw Meadow,Alfalfa,67,2023,8.5,14.556164383561644,44.8,-16.4,363.6,69.68164383561644,5.808219178082192
F196,Seepage Area,Wheat,231,2023,70.6,12.648493150684931,41.9,-17.2,425.5,70.06767123287672,5.570958904109589
F197,Spring Fed,Alfalfa,188,2023,10.8,14.067397260273973,42.9,-16.2,323.8,69.42602739726027,5.718904109589041
F198,Rainwater Catch,Soybeans,173,2023,67.1,12.69041095890411,41.6,-19.1,342.2,70.05561643835617,5.672054794520548
F199,Irrigation Plot,Wheat,96,2023,60.6,14.767397260273974,44.8,-14.4,329.0,68.7013698630137,5.658356164383562
F200,Dry Land Acre,Wheat,123,2023,47.6,12.001095890410959,39.7,-18.4,335.6,70.00246575342466,5.606027397260274
F001,North Field,Wheat,179,2024,63.1,14.01448087431694,40.8,-16.5,300.2,68.9464480874317,5.763934426229508
F002,South Field,Soybeans,138,2024,75.0,13.145081967213116,42.0,-16.6,315.2,69.04180327868852,5.660109289617486
F003,East Field,Corn,240,2024,183.4,13.256010928961748,41.3,-16.3,298.1,69.8743169398907,5.421857923497268
F004,West Field,Alfalfa,64,2024,9.3,13.388797814207651,42.6,-20.6,269.4,68.23852459016393,5.609562841530054
F005,Valley Plot,Corn,200,2024,184.6,12.928688524590163,43.5,-17.4,311.2,69.62950819672132,5.519398907103825
F006,Hilltop Field,Soybeans,145,2024,75.7,13.160928961748633,43.3,-19.3,296.3,69.04754098360657,5.707377049180328
F007,Meadow Pasture,Soybeans,177,2024,57.4,13.391530054644809,42.5,-17.6,216.0,68.11092896174863,5.661475409836065
F008,Cropland A,Corn,145,2024,210.0,13.953825136612023,44.7,-18.1,330.1,69.30218579234972,5.638524590163934
F009,Cropland B,Soybeans,221,2024,71.2,12.614754098360656,43.5,-17.6,325.4,69.2051912568306,5.630327868852459
F010,Pasture North,Wheat,236,2024,67.0,13.841803278688525,46.8,-16.2,326.0,69.24043715846994,5.823770491803279
F011,Ridge Field,Alfalfa,161,2024,9.4,12.820491803278689,43.6,-17.2,282.6,68.28688524590164,5.6527322404371585
F012,Bottomland,Alfalfa,133,2024,10.6,12.469945355191257,41.4,-16.2,278.3,70.14945355191257,5.732513661202185
F013,Oak Grove,Corn,177,2024,220.5,13.700819672131148,40.7,-17.9,358.6,69.00437158469946,5.7398907103825145
F014,Maple Creek,Wheat,98,2024,57.3,12.987158469945356,43.9,-18.5,317.2,69.12131147540984,5.538524590163934
F015,Prairie View,Soybeans,103,2024,75.2,12.646721311475408,45.9,-17.3,320.7,69.04043715846994,5.625136612021858
F016,Spring Hill,Alfalfa,109,2024,9.9,12.8948087431694,40.0,-17.2,347.4,68.24426229508197,5.630601092896176
F017,Elm Lane,Corn,98,2024,190.6,14.005737704918033,43.4,-15.8,301.4,68.87103825136612,5.7341530054644805
F018,Cedar Rapids,Alfalfa,207,2024,9.5,14.418306010928962,46.8,-16.6,361.2,69.35300546448087,5.701912568306011
F019,Pine Haven,Soybeans,178,2024,52.2,12.719398907103825,43.2,-18.2,310.7,69.04125683060109,5.537704918032786
F020,Birch Meadow,Soybeans,225,2024,71.2,13.19016393442623,43.5,-17.2,280.6,69.09180327868852,5.437431693989071
F021,Willow Creek,Corn,209,2024,202.7,14.041256830601094,45.8,-16.7,262.2,69.83114754098361,5.7658469945355195
F022,Maple Grove,Alfalfa,130,2024,8.7,12.397540983606557,44.3,-21.5,390.9,68.83251366120219,5.68224043715847
F023,Red Oak,Soybeans,85,2024,78.2,13.492622950819673,45.8,-15.3,293.3,69.13715846994536,5.673497267759563
F024,Silver Lake,Soybeans,196,2024,60.6,12.168579234972677,41.9,-17.1,305.4,68.95027322404371,5.533879781420765
F025,Hickory Hill,Alfalfa,171,2024,10.5,13.278688524590164,41.4,-18.6,279.7,69.77595628415301,5.654918032786885
F026,Walnut Farm,Soybeans,158,2024,84.1,12.687978142076503,43.4,-18.3,282.7,69.5172131147541,5.504644808743169
F027,Chestnut Field,Corn,249,2024,219.9,13.492622950819673,45.8,-15.3,293.3,69.13715846994536,5.673497267759563
F028,Sycamore Plot,Corn,196,2024,183.8,14.135792349726776,45.3,-18.2,363.5,69.73715846994536,5.615846994535519
F029,Cottonwood,Soybeans,235,2024,61.0,12.6775956284153,42.8,-18.2,333.5,68.57786885245902,5.5683060109289615
F030,Aspen Ridge,Alfalfa,105,2024,11.5,13.598633879781422,42.7,-17.0,272.7,69.29508196721312,5.745901639344262
F031,River Bend,Alfalfa,55,2024,9.9,12.996994535519125,43.9,-14.6,429.1,69.94289617486338,5.652459016393443
F032,Hillcrest,Wheat,121,2024,61.9,13.498360655737704,42.8,-21.3,323.4,69.26475409836065,5.557103825136612
F033,Farmers Fields,Wheat,241,2024,57.1,14.108196721311476,43.3,-15.2,317.7,68.8775956284153,5.630054644808743
F034,Green Pasture,Soybeans,133,2024,70.6,14.157103825136613,42.2,-16.7,375.5,69.14508196721312,5.5683060109289615
F035,Sunny Meadow,Corn,171,2024,201.0,13.679508196721311,46.2,-18.2,266.3,68.6551912568306,5.58879781420765
F036,Golden Fields,Soybeans,156,2024,42.6,13.488524590163935,44.2,-14.8,253.8,67.9603825136612,5.693989071038251
F037,Old Orchard,Corn,156,2024,184.5,13.258196721311476,43.0,-19.4,309.1,69.54371584699453,5.693989071038251
F038,Wildflower,Wheat,158,2024,50.8,13.537978142076502,46.8,-17.1,261.0,68.27021857923498,5.769398907103825
F039,Clover Creek,Wheat,161,2024,65.1,12.559289617486339,43.0,-16.4,297.9,68.6412568306011,5.5404371584699454
F040,Marsh View,Wheat,228,2024,44.9,12.648360655737706,44.6,-16.7,355.2,69.2724043715847,5.66775956284153
F041,Riverside,Soybeans,126,2024,55.6,13.264207650273223,43.7,-17.6,342.3,69.19234972677596,5.478961748633879
F042,Lakeside,Soybeans,237,2024,62.6,12.381420765027324,42.4,-16.1,309.4,69.0051912568306,5.500819672131147
F043,Mountain View,Corn,181,2024,188.3,13.414207650273225,42.2,-19.6,220.4,68.68852459016394,5.628142076502733
F044,Valley View,Alfalfa,116,2024,8.8,13.491530054644807,42.8,-17.4,327.9,70.22896174863388,5.64016393442623
F045,Forest Edge,Wheat,87,2024,65.3,14.066120218579234,42.7,-16.9,247.0,68.29890710382514,6.018852459016394
F046,Woodland,Alfalfa,87,2024,9.3,12.469945355191257,41.4,-16.2,278.3,70.14945355191257,5.732513661202185
F047,Stone Creek,Wheat,100,2024,45.4,13.194262295081968,42.2,-16.6,274.5,68.47622950819672,5.506830601092896
F048,Sand Ridge,Wheat,166,2024,41.2,12.979781420765029,42.4,-17.4,336.8,69.89098360655737,5.697540983606558
F049,Rocky Hill,Soybeans,112,2024,73.0,14.224590163934426,46.7,-15.1,273.9,67.50409836065573,5.999726775956284
F050,Quiet Acres,Corn,78,2024,196.8,14.311475409836065,42.3,-14.6,374.0,68.76256830601092,5.863387978142076
F051,Hidden Valley,Wheat,159,2024,50.9,13.894262295081967,44.6,-15.9,323.1,68.87377049180327,5.668579234972677
F052,Dew Point,Alfalfa,137,2024,12.0,13.71584699453552,43.2,-17.5,393.7,70.08360655737704,5.642896174863388
F053,Morning Mist,Alfalfa,197,2024,11.4,14.247540983606559,43.2,-16.0,220.2,68.35737704918033,5.598907103825136
F054,Evening Shade,Wheat,163,2024,46.1,13.993989071038252,42.1,-15.7,318.40000000000003,70.05819672131148,5.776502732240437
F055,Sunrise Field,Corn,171,2024,191.5,12.46120218579235,43.3,-15.6,265.0,67.72513661202186,5.538524590163934
F056,Sunset Meadow,Wheat,242,2024,71.5,13.032513661202184,42.7,-19.7,336.5,68.99562841530054,5.531420765027322
F057,Twilight Pasture,Corn,130,2024,240.8,13.40601092896175,43.5,-17.1,244.6,69.18442622950819,5.723497267759563
F058,Dawn Creek,Soybeans,98,2024,69.8,12.772404371584699,42.0,-18.6,275.7,68.94371584699454,5.7054644808743165
F059,Dusk Valley,Wheat,96,2024,49.0,14.488524590163935,44.5,-16.1,283.3,69.47786885245903,5.7098360655737705
F060,Blue Sky,Soybeans,66,2024,65.7,13.078142076502733,43.4,-16.9,396.8,68.84371584699453,5.598633879781421
F061,Green Leaf,Corn,104,2024,203.6,13.616666666666665,43.9,-15.7,294.5,67.63989071038252,5.513934426229508
F062,Golden Sun,Corn,226,2024,217.4,13.16502732240437,42.6,-17.3,288.3,68.68907103825137,5.609289617486339
F063,Silver Moon,Alfalfa,202,2024,9.9,13.410382513661201,45.4,-18.1,351.9,68.95109289617486,5.7601092896174855
F064,Red Barn,Corn,171,2024,215.6,14.357923497267759,45.1,-14.8,349.1,69.15,5.733333333333333
F065,White Fence,Soybeans,202,2024,59.0,12.342896174863387,42.8,-19.5,319.5,69.53415300546447,5.673497267759563
F066,Old Mill,Corn,111,2024,222.1,12.155737704918034,40.6,-20.8,254.6,69.12185792349726,5.553551912568306
F067,Country Road,Soybeans,215,2024,72.2,13.418032786885245,41.3,-16.5,288.1,68.50874316939891,5.442896174863388
F068,Farm House,Corn,66,2024,242.5,13.51639344262295,42.2,-16.1,254.4,68.71994535519126,5.789344262295082
F069,Pond Side,Corn,66,2024,238.5,12.748087431693989,40.7,-19.3,273.4,69.66448087431694,5.732786885245901
F070,Woods Edge,Soybeans,107,2024,56.0,13.326775956284154,43.0,-18.1,294.4,69.1207650273224,5.704644808743169
F071,Garden Spot,Alfalfa,70,2024,10.0,14.345628415300547,44.3,-16.2,265.3,69.24180327868852,5.6292349726775965
F072,Harvest Moon,Wheat,194,2024,52.8,14.218032786885246,44.0,-16.2,220.8,67.07185792349726,5.750546448087431
F073,Spring Rain,Soybeans,225,2024,71.4,12.596994535519126,41.4,-18.7,375.0,70.5035519125683,5.5442622950819676
F074,Winter Snow,Corn,228,2024,203.2,13.980874316939891,45.1,-18.0,265.2,68.58661202185793,5.69672131147541
F075,Summer Heat,Alfalfa,215,2024,11.3,13.069398907103825,42.5,-16.8,326.3,69.63524590163935,5.49016393442623
F076,Fall Leaves,Soybeans,176,2024,82.9,13.773770491803278,42.5,-16.5,321.4,69.63278688524589,5.703825136612021
F077,North Ridge,Soybeans,185,2024,74.3,14.192896174863389,46.4,-15.0,338.6,68.77103825136612,5.709016393442623
F078,South Slope,Alfalfa,238,2024,10.1,13.805737704918032,43.8,-16.9,271.0,67.67868852459017,5.654371584699454
F079,East Valley,Soybeans,174,2024,71.6,14.490163934426228,44.1,-15.9,411.7,70.07513661202186,5.563387978142076
F080,West Hill,Wheat,172,2024,44.3,13.605464480874318,43.2,-18.8,328.0,68.49043715846994,5.691530054644809
F081,Center Field,Corn,220,2024,205.9,13.447267759562841,43.7,-17.1,256.4,69.51311475409835,5.558196721311475
F082,Middle Pasture,Alfalfa,78,2024,11.2,13.26775956284153,42.0,-16.5,338.8,68.26612021857923,5.460928961748634
F083,Upper Meadow,Wheat,221,2024,50.8,13.558743169398907,47.9,-16.0,272.8,68.62486338797814,5.554098360655738
F084,Lower Creek,Alfalfa,207,2024,10.9,14.01584699453552,42.4,-18.0,341.09999999999997,69.79781420765028,5.716666666666667
F085,Upper Ridge,Alfalfa,138,2024,11.5,13.013387978142076,42.7,-19.8,351.3,67.96475409836066,5.578415300546448
F086,Lower Valley,Corn,114,2024,189.3,13.71584699453552,42.0,-17.7,375.1,69.87978142076503,5.7079234972677595
F087,Highland,Alfalfa,247,2024,10.8,14.031693989071039,45.5,-15.5,328.4,70.3120218579235,5.629508196721312
F088,Lowland,Corn,74,2024,205.5,13.533060109289618,42.9,-17.4,272.7,67.95874316939891,5.689617486338798
F089,Prime Acres,Corn,56,2024,189.1,13.698360655737705,42.4,-16.3,300.3,69.09590163934426,5.583879781420765
F090,Heritage Farm,Wheat,58,2024,43.8,13.948087431693988,42.4,-17.2,303.1,69.0448087431694,5.662568306010929
F091,Family Fields,Soybeans,98,2024,77.8,13.243715846994535,42.8,-16.4,277.5,68.624043715847,5.703551912568306
F092,Legacy Pasture,Corn,174,2024,193.7,13.45928961748634,42.3,-17.1,283.3,70.75710382513661,5.611748633879782
F093,Founders Field,Alfalfa,98,2024,11.2,13.194262295081968,42.2,-16.6,274.5,68.47622950819672,5.506830601092896
F094,Pioneer Plot,Alfalfa,199,2024,10.9,13.310655737704918,44.1,-16.3,226.5,68.14371584699452,5.581693989071039
F095,Settlement Field,Wheat,54,2024,69.2,12.993442622950822,44.2,-15.8,346.8,68.1948087431694,5.554098360655738
F096,Homestead Meadow,Soybeans,242,2024,66.8,13.069398907103825,42.5,-16.8,326.3,69.63524590163935,5.49016393442623
F097,Colonial Creek,Alfalfa,116,2024,10.1,13.16502732240437,42.6,-17.3,288.3,68.68907103825137,5.609289617486339
F098,Historic Farm,Corn,180,2024,241.6,13.74672131147541,47.2,-17.2,277.0,69.96885245901639,5.729781420765027
F099,Liberty Field,Soybeans,54,2024,45.9,13.679508196721311,46.2,-18.2,266.3,68.6551912568306,5.58879781420765
F100,Freedom Pasture,Wheat,150,2024,65.4,13.768579234972679,44.1,-18.1,287.7,69.02896174863388,5.689617486338798
F101,Prairie Wind,Wheat,214,2024,69.1,12.960382513661202,45.4,-16.4,310.7,67.62540983606557,5.677322404371585
F102,Golden Harvest,Wheat,156,2024,41.8,13.01967213114754,42.0,-16.4,325.6,69.3016393442623,5.537431693989071
F103,Sunny Slope,Wheat,236,2024,52.1,14.158743169398909,42.7,-17.2,329.8,69.58633879781421,5.698087431693989
F104,Rolling Hills,Soybeans,56,2024,66.1,13.557103825136611,43.8,-16.4,335.4,70.00546448087432,5.593169398907103
F105,Meadow Brook,Wheat,213,2024,39.9,12.321857923497268,42.5,-20.2,294.5,67.77868852459017,5.647540983606557
F106,Old Farmstead,Soybeans,241,2024,69.2,13.229234972677595,42.6,-16.0,333.8,69.15136612021858,5.523770491803279
F107,River Valley,Soybeans,247,2024,55.2,13.134972677595627,43.2,-17.1,250.5,69.26475409836065,5.77568306010929
F108,Creek Side,Soybeans,235,2024,42.4,12.593169398907104,41.1,-18.2,315.9,68.73524590163935,5.724590163934426
F109,Hilltop View,Alfalfa,53,2024,11.2,13.217486338797816,42.2,-16.0,313.5,68.7379781420765,5.5961748633879775
F110,Valley Floor,Alfalfa,218,2024,8.7,13.773770491803278,42.5,-16.5,321.4,69.63278688524589,5.703825136612021
F111,North Pasture,Soybeans,193,2024,59.7,13.07622950819672,42.0,-19.2,357.5,70.0912568306011,5.565027322404371
F112,South Meadow,Alfalfa,124,2024,11.0,12.640983606557379,42.3,-17.8,288.9,69.72404371584699,5.488251366120219
F113,East Ridge,Alfalfa,80,2024,9.0,13.618579234972676,43.2,-18.4,289.4,67.90901639344263,5.71448087431694
F114,West Field,Corn,127,2024,217.3,14.060109289617486,42.6,-16.7,245.1,67.82841530054645,5.750819672131148
F115,Center Pasture,Alfalfa,208,2024,10.3,12.867213114754097,42.0,-17.1,287.2,68.75191256830601,5.572677595628415
F116,Corner Plot,Corn,162,2024,219.3,12.848633879781422,43.7,-16.9,336.4,69.22103825136612,5.594262295081967
F117,Back Forty,Alfalfa,82,2024,9.7,13.736612021857924,44.1,-18.7,310.1,68.71448087431693,5.6806010928961745
F118,Front Acres,Alfalfa,164,2024,10.5,12.78743169398907,41.2,-17.3,346.1,70.14098360655737,5.673224043715847
F119,Home Farm,Corn,202,2024,229.5,12.563387978142076,40.6,-18.2,318.6,69.21857923497268,5.7054644808743165
F120,Cross Creek,Alfalfa,121,2024,10.5,13.922950819672131,42.0,-19.8,277.5,68.40546448087431,5.6232240437158465
F121,Deep Water,Corn,230,2024,214.4,13.400819672131147,45.6,-21.4,366.2,69.49726775956285,5.750546448087431
F122,Sandy Loam,Alfalfa,241,2024,10.0,13.781967213114754,46.8,-19.8,278.5,69.63715846994536,5.867486338797814
F123,Clay Bank,Wheat,237,2024,63.1,13.217486338797816,42.2,-16.0,313.5,68.7379781420765,5.5961748633879775
F124,Gravel Pit,Wheat,72,2024,57.0,13.143169398907103,40.8,-15.9,301.4,68.51530054644809,5.675409836065573
F125,Timber Edge,Corn,217,2024,230.5,13.638524590163934,44.1,-15.1,263.8,68.49535519125683,5.837158469945355
F126,Oak Hill,Corn,224,2024,225.9,13.955191256830602,44.0,-16.7,311.0,68.76994535519125,5.703551912568306
F127,Maple Grove,Alfalfa,77,2024,9.1,13.984426229508196,43.2,-15.4,362.90000000000003,67.9603825136612,5.660655737704919
F128,Cedar Lane,Soybeans,226,2024,64.5,12.912841530054646,40.6,-16.6,300.0,69.01420765027322,5.39672131147541
F129,Pine Ridge,Soybeans,176,2024,62.5,14.057923497267758,43.3,-16.9,309.0,69.13989071038252,5.769398907103825
F130,Birch Run,Alfalfa,80,2024,8.9,13.73360655737705,43.0,-15.9,317.3,69.46584699453553,5.771584699453552
F131,Willow Bend,Soybeans,141,2024,80.4,14.224590163934426,46.7,-15.1,273.9,67.50409836065573,5.999726775956284
F132,Elm Creek,Corn,241,2024,199.8,13.543169398907104,44.5,-18.1,331.3,68.80191256830601,5.805737704918033
F133,Ash Grove,Corn,236,2024,205.1,12.889071038251364,44.3,-17.5,330.3,68.22677595628416,5.524316939890711
F134,Spruce Point,Wheat,109,2024,67.1,12.452185792349727,42.0,-19.7,239.6,68.32841530054645,5.425683060109289
F135,Fir Branch,Wheat,224,2024,70.0,14.431967213114755,43.6,-14.9,401.5,68.89945355191257,5.554371584699454
F136,Juniper Field,Alfalfa,94,2024,9.6,14.148360655737706,42.6,-17.3,326.1,69.25737704918033,5.785792349726775
F137,Cypress Swamp,Soybeans,90,2024,67.6,13.078142076502733,44.7,-14.4,302.0,67.99836065573771,5.583060109289618
F138,Redbud Patch,Corn,183,2024,237.1,14.057923497267758,43.3,-16.9,309.0,69.13989071038252,5.769398907103825
F139,Dogwood Corner,Soybeans,193,2024,76.3,14.418306010928962,46.8,-16.6,361.2,69.35300546448087,5.701912568306011
F140,Magnolia Plot,Soybeans,225,2024,72.7,12.736612021857924,44.9,-18.4,310.1,68.09371584699453,5.68879781420765
F141,Hickory Hollow,Wheat,192,2024,70.2,12.525136612021857,43.4,-17.7,292.6,68.13715846994536,5.586885245901639
F142,Walnut Grove,Corn,154,2024,253.5,12.397540983606557,44.3,-21.5,390.9,68.83251366120219,5.68224043715847
F143,Chestnut Hill,Corn,208,2024,189.9,13.972131147540985,46.1,-17.5,215.2,67.68333333333332,5.697540983606558
F144,Sycamore Ridge,Corn,244,2024,244.4,13.899726775956285,41.7,-15.1,247.5,69.16311475409836,5.701912568306011
F145,Poplar Field,Alfalfa,209,2024,10.3,14.299453551912569,45.3,-14.2,315.7,69.16448087431694,5.82896174863388
F146,Cotton Row,Soybeans,234,2024,52.0,13.212841530054645,43.2,-17.1,292.8,69.62896174863388,5.61775956284153
F147,Tobacco Barn,Corn,177,2024,214.4,13.678142076502732,44.1,-15.5,309.7,69.08852459016394,5.777322404371585
F148,Corn Patch,Corn,132,2024,202.5,14.033879781420763,43.3,-18.8,292.3,69.53005464480874,5.661475409836065
F149,Soybean Field,Alfalfa,174,2024,10.6,14.489617486338798,44.9,-15.4,307.2,69.27049180327869,5.522131147540984
F150,Wheat Acre,Corn,180,2024,249.0,13.553005464480874,51.5,-16.0,258.1,69.47595628415301,5.6838797814207656
F151,Alfalfa Stand,Wheat,186,2024,70.8,13.229234972677595,42.6,-16.0,333.8,69.15136612021858,5.523770491803279
F152,Clover Field,Soybeans,142,2024,62.5,14.142349726775958,43.1,-17.8,342.0,70.12950819672132,5.782513661202186
F153,Bluegrass Pasture,Soybeans,205,2024,82.4,13.830874316939891,45.4,-16.2,331.5,68.85956284153005,5.777868852459016
F154,Fescue Meadow,Soybeans,158,2024,52.3,13.096174863387978,43.8,-16.7,318.2,68.59945355191257,5.5398907103825135
F155,Timothy Lot,Alfalfa,183,2024,11.5,14.223224043715847,44.2,-17.9,224.9,69.70655737704918,5.676229508196721
F156,Brome Grass,Soybeans,76,2024,60.8,13.212841530054645,43.2,-17.1,292.8,69.62896174863388,5.61775956284153
F157,Orchard Row,Corn,89,2024,203.0,13.01967213114754,42.0,-16.4,325.6,69.3016393442623,5.537431693989071
F158,Vineyard Hill,Wheat,77,2024,47.3,13.698360655737705,42.4,-16.3,300.3,69.09590163934426,5.583879781420765
F159,Berry Patch,Wheat,191,2024,58.8,12.98551912568306,41.2,-15.8,327.1,70.22213114754098,5.577868852459017
F160,Vegetable Plot,Alfalfa,168,2024,10.3,13.049453551912569,43.7,-17.8,349.4,69.76065573770492,5.575136612021858
F161,Garden Row,Alfalfa,180,2024,9.1,13.809562841530056,41.0,-14.3,289.3,69.71174863387978,5.660382513661202
F162,Orchard Acre,Corn,145,2024,193.7,12.3948087431694,44.0,-19.0,316.7,68.13661202185793,5.562568306010929
F163,Fruit Grove,Wheat,204,2024,51.8,13.687431693989073,44.6,-16.2,251.6,69.06120218579235,5.701092896174863
F164,Nut Orchard,Alfalfa,150,2024,8.4,14.025683060109289,43.8,-16.3,344.0,68.25245901639344,5.752732240437158
F165,Silage Field,Corn,124,2024,194.0,13.015573770491804,42.6,-18.9,325.1,69.35901639344263,5.426502732240437
F166,Cover Crop,Corn,190,2024,194.4,14.313661202185793,42.9,-17.8,357.4,69.14590163934426,5.665846994535519
F167,Green Manure,Alfalfa,70,2024,10.7,13.543169398907104,44.5,-18.1,331.3,68.80191256830601,5.805737704918033
F168,Fallow Ground,Soybeans,58,2024,48.3,13.631693989071037,42.5,-19.3,316.6,69.59426229508196,5.7366120218579235
F169,Set Aside,Corn,226,2024,190.4,12.989071038251366,44.5,-24.5,232.9,68.5827868852459,5.54344262295082
F170,Conservation Area,Alfalfa,172,2024,10.0,13.50792349726776,44.1,-15.9,359.4,69.23934426229508,5.596448087431694
F171,Wetland Buffer,Alfalfa,236,2024,8.9,13.795081967213115,42.4,-18.1,240.6,67.96666666666667,5.502185792349727
F172,Filter Strip,Corn,92,2024,252.3,14.157103825136613,42.2,-16.7,375.5,69.14508196721312,5.5683060109289615
F173,Grass Waterway,Wheat,119,2024,68.1,12.328142076502733,43.1,-20.9,305.4,69.10710382513662,5.615027322404371
F174,Terrace Row,Wheat,156,2024,39.6,12.893715846994537,41.0,-17.6,228.6,69.6292349726776,5.628142076502733
F175,Contour Strip,Corn,127,2024,201.9,13.608469945355191,42.1,-16.3,301.4,68.40245901639344,5.822131147540984
F176,Windbreak Lane,Alfalfa,97,2024,9.8,12.675956284153004,41.5,-16.6,279.1,70.57349726775956,5.633333333333334
F177,Shelter Belt,Soybeans,58,2024,68.7,12.674863387978142,41.6,-16.9,327.6,68.30136612021857,5.441256830601093
F178,Hedgerow Field,Soybeans,206,2024,66.6,13.679508196721311,46.2,-18.2,266.3,68.6551912568306,5.58879781420765
F179,Pollinator Patch,Soybeans,89,2024,65.5,13.43224043715847,44.5,-18.2,250.4,68.86803278688525,5.65928961748634
F180,Wildlife Food Plot,Corn,116,2024,230.5,12.176229508196721,40.0,-17.3,273.9,69.00819672131148,5.5994535519125685
F181,Native Prairie,Alfalfa,53,2024,10.1,12.168579234972677,41.9,-17.1,305.4,68.95027322404371,5.533879781420765
F182,Restored Wetland,Corn,157,2024,195.1,14.41448087431694,46.4,-14.1,221.3,68.27677595628415,5.735792349726776
F183,Woodland Edge,Corn,180,2024,238.6,12.581420765027323,42.7,-17.7,359.0,69.75956284153006,5.681147540983607
F184,Riparian Zone,Soybeans,141,2024,66.6,13.31448087431694,42.7,-20.8,321.0,69.71174863387978,5.745355191256831
F185,Steep Pasture,Soybeans,66,2024,57.2,13.277595628415302,41.5,-18.5,346.4,68.60928961748634,5.565573770491803
F186,Gentle Slope,Alfalfa,110,2024,9.2,12.988251366120219,41.6,-22.3,329.6,68.29863387978142,5.549726775956285
F187,Level Terrain,Alfalfa,168,2024,9.2,14.179508196721311,44.5,-15.5,312.3,69.03251366120219,5.790983606557377
F188,Rolling Upland,Corn,226,2024,223.9,13.96448087431694,43.6,-14.7,310.1,68.81393442622951,5.776502732240437
F189,Bottom Floodplain,Corn,98,2024,250.8,12.519945355191258,41.5,-21.3,345.2,69.0516393442623,5.742896174863389
F190,Terrace Top,Alfalfa,86,2024,10.5,12.34016393442623,41.4,-17.6,248.6,69.20983606557377,5.579234972677596
F191,Hill Shoulder,Corn,86,2024,187.8,13.771857923497267,42.5,-16.4,291.4,68.28743169398908,5.778142076502733
F192,Valley Bottom,Wheat,122,2024,53.9,13.778142076502732,44.0,-19.2,266.6,67.67486338797814,5.743169398907104
F193,Plateau Field,Wheat,132,2024,67.7,12.35191256830601,41.4,-20.4,285.8,70.51092896174863,5.653551912568306
F194,Escarpment Edge,Alfalfa,101,2024,11.5,13.739071038251366,41.0,-15.4,262.3,67.59754098360656,5.785792349726775
F195,Draw Meadow,Alfalfa,67,2024,9.2,14.033879781420763,43.3,-18.8,292.3,69.53005464480874,5.661475409836065
F196,Seepage Area,Wheat,231,2024,63.1,13.17568306010929,42.0,-15.6,309.4,69.848087431694,5.5699453551912566
F197,Spring Fed,Alfalfa,188,2024,9.8,14.331967213114755,42.9,-16.6,355.1,69.41830601092896,5.890710382513661
F198,Rainwater Catch,Soybeans,173,2024,58.4,12.270765027322405,43.3,-20.1,395.2,69.50983606557377,5.786885245901639
F199,Irrigation Plot,Wheat,96,2024,67.9,13.44672131147541,43.3,-17.0,336.6,68.17841530054645,5.6792349726775955
F200,Dry Land Acre,Wheat,123,2024,46.1,12.787978142076502,40.9,-16.3,265.0,69.23169398907103,5.786065573770491
F001,North Field,Wheat,179,2025,64.3,14.055068493150685,43.8,-17.9,371.7,69.55342465753425,5.818630136986302
F002,South Field,Soybeans,138,2025,69.9,14.192602739726027,43.6,-16.1,309.5,68.61945205479452,5.7345205479452055
F003,East Field,Corn,240,2025,181.7,14.377534246575342,44.1,-18.1,347.6,68.41013698630137,5.921643835616439
F004,West Field,Alfalfa,64,2025,10.1,13.61753424657534,42.0,-18.1,335.0,68.64958904109588,5.635068493150685
F005,Valley Plot,Corn,200,2025,182.3,13.84027397260274,46.6,-15.7,295.1,69.12849315068493,5.552054794520548
F006,Hilltop Field,Soybeans,145,2025,77.6,13.487397260273971,43.6,-19.9,371.2,70.40547945205479,5.748493150684931
F007,Meadow Pasture,Soybeans,177,2025,51.6,13.188493150684932,42.0,-17.8,358.5,68.70027397260273,5.728219178082193
F008,Cropland A,Corn,145,2025,199.8,14.495616438356164,43.3,-17.4,376.4,69.5958904109589,5.64958904109589
F009,Cropland B,Soybeans,221,2025,71.6,13.687123287671234,42.8,-17.5,292.3,68.30109589041096,5.396712328767123
F010,Pasture North,Wheat,236,2025,67.9,14.244109589041097,41.3,-19.0,260.8,68.70821917808219,5.529041095890411
F011,Ridge Field,Alfalfa,161,2025,8.9,11.971780821917807,40.0,-17.9,319.7,68.50027397260274,5.593424657534246
F012,Bottomland,Alfalfa,133,2025,11.7,12.09917808219178,41.7,-20.8,343.9,69.16465753424657,5.541917808219178
F013,Oak Grove,Corn,177,2025,228.7,13.912328767123288,43.8,-16.7,296.7,69.24383561643836,5.52054794520548
F014,Maple Creek,Wheat,98,2025,52.1,12.291780821917808,44.4,-16.6,288.2,68.68273972602739,5.762739726027397
F015,Prairie View,Soybeans,103,2025,70.5,13.621095890410958,43.4,-17.2,247.0,68.83780821917809,5.6257534246575345
F016,Spring Hill,Alfalfa,109,2025,10.5,13.56191780821918,44.9,-17.3,299.0,68.86054794520548,5.729863013698631
F017,Elm Lane,Corn,98,2025,176.7,13.257534246575343,45.5,-15.6,341.5,69.9331506849315,5.651780821917808
F018,Cedar Rapids,Alfalfa,207,2025,9.5,13.785479452054794,45.7,-18.3,330.6,68.44739726027397,5.657808219178082
F019,Pine Haven,Soybeans,178,2025,50.3,13.086027397260272,43.1,-19.3,317.2,68.87041095890412,5.563287671232876
F020,Birch Meadow,Soybeans,225,2025,72.4,13.36,42.3,-18.2,303.0,69.3290410958904,5.69013698630137
F021,Willow Creek,Corn,209,2025,197.1,13.988219178082192,44.5,-17.3,332.8,69.39068493150684,5.622465753424657
F022,Maple Grove,Alfalfa,130,2025,9.3,12.836712328767122,43.2,-18.3,351.7,69.1041095890411,5.568493150684931
F023,Red Oak,Soybeans,85,2025,73.8,14.135616438356164,45.7,-14.1,310.4,68.80109589041096,5.749315068493151
F024,Silver Lake,Soybeans,196,2025,66.9,11.597260273972603,41.9,-19.4,223.4,68.02958904109589,5.404383561643836
F025,Hickory Hill,Alfalfa,171,2025,9.5,12.714794520547944,42.3,-18.5,302.1,68.3309589041096,5.716712328767123
F026,Walnut Farm,Soybeans,158,2025,85.4,13.24054794520548,43.4,-19.5,279.1,70.35205479452055,5.769315068493151
F027,Chestnut Field,Corn,249,2025,222.8,14.135616438356164,45.7,-14.1,310.4,68.80109589041096,5.749315068493151
F028,Sycamore Plot,Corn,196,2025,187.0,14.228767123287671,43.6,-16.3,343.0,67.93479452054795,5.544109589041096
F029,Cottonwood,Soybeans,235,2025,61.9,12.73890410958904,41.4,-16.4,387.2,68.82082191780822,5.493972602739726
F030,Aspen Ridge,Alfalfa,105,2025,10.7,14.384657534246575,45.0,-15.6,288.8,69.47397260273972,5.905753424657534
F031,River Bend,Alfalfa,55,2025,10.3,12.650410958904109,44.4,-16.8,287.5,68.39671232876712,5.651232876712328
F032,Hillcrest,Wheat,121,2025,61.7,13.831232876712328,42.4,-15.3,348.5,70.18328767123288,5.69013698630137
F033,Farmers Fields,Wheat,241,2025,59.5,14.518904109589041,43.5,-15.7,304.6,69.21835616438356,5.642739726027397
F034,Green Pasture,Soybeans,133,2025,65.8,12.977534246575344,44.6,-18.9,287.9,69.58219178082192,5.54082191780822
F035,Sunny Meadow,Corn,171,2025,186.7,13.94054794520548,47.4,-17.7,340.3,68.57534246575342,5.613150684931507
F036,Golden Fields,Soybeans,156,2025,44.8,14.02082191780822,42.9,-15.5,260.6,68.64246575342466,5.602739726027397
F037,Old Orchard,Corn,156,2025,194.7,13.25972602739726,43.9,-19.3,329.2,68.65561643835616,5.713150684931508
F038,Wildflower,Wheat,158,2025,52.3,12.856986301369863,42.7,-22.3,370.5,69.08410958904109,5.650958904109589
F039,Clover Creek,Wheat,161,2025,66.1,12.537534246575342,42.7,-17.2,294.9,68.23232876712329,5.648493150684931
F040,Marsh View,Wheat,228,2025,43.1,12.394520547945206,44.4,-18.0,246.79999999999998,68.80027397260274,5.514246575342466
F041,Riverside,Soybeans,126,2025,58.4,14.004109589041096,44.5,-18.3,400.4,68.4304109589041,5.718082191780821
F042,Lakeside,Soybeans,237,2025,68.6,13.56958904109589,42.8,-15.3,349.0,68.87123287671233,5.525479452054794
F043,Mountain View,Corn,181,2025,191.1,12.785205479452056,41.9,-18.5,256.3,69.46712328767123,5.466849315068494
F044,Valley View,Alfalfa,116,2025,8.4,13.916438356164383,43.7,-18.4,290.1,68.98164383561644,5.70986301369863
F045,Forest Edge,Wheat,87,2025,66.1,13.60164383561644,42.6,-20.1,328.9,70.15561643835616,5.76986301369863
F046,Woodland,Alfalfa,87,2025,9.0,12.09917808219178,41.7,-20.8,343.9,69.16465753424657,5.541917808219178
F047,Stone Creek,Wheat,100,2025,45.3,14.259178082191783,44.9,-14.6,253.8,68.52575342465754,5.725479452054795
F048,Sand Ridge,Wheat,166,2025,44.2,13.07945205479452,42.3,-18.5,286.3,69.23698630136987,5.565753424657534
F049,Rocky Hill,Soybeans,112,2025,72.9,14.165479452054793,42.6,-15.5,280.6,70.34082191780823,5.5010958904109595
F050,Quiet Acres,Corn,78,2025,210.6,14.276164383561644,44.7,-14.3,278.7,68.20657534246575,5.617260273972604
F051,Hidden Valley,Wheat,159,2025,52.6,14.281643835616439,44.6,-17.1,325.4,70.07890410958903,5.805205479452055
F052,Dew Point,Alfalfa,137,2025,12.0,14.15808219178082,42.8,-17.1,333.3,69.71534246575342,5.687123287671233
F053,Morning Mist,Alfalfa,197,2025,10.5,14.234246575342466,43.0,-18.1,243.0,70.73095890410958,5.660821917808219
F054,Evening Shade,Wheat,163,2025,48.9,14.417260273972603,44.1,-16.8,286.4,67.73561643835616,5.934520547945206
F055,Sunrise Field,Corn,171,2025,192.5,11.505479452054795,45.0,-19.1,261.6,68.61205479452055,5.395890410958904
F056,Sunset Meadow,Wheat,242,2025,67.9,12.986301369863014,42.8,-17.1,361.7,68.34794520547945,5.645205479452055
F057,Twilight Pasture,Corn,130,2025,232.9,13.315068493150685,48.7,-17.5,301.0,67.73342465753424,5.725479452054795
F058,Dawn Creek,Soybeans,98,2025,64.8,12.706849315068494,41.6,-19.7,299.1,68.35561643835617,5.771232876712329
F059,Dusk Valley,Wheat,96,2025,53.1,13.958082191780822,42.8,-14.4,392.8,70.59561643835617,5.6846575342465755
F060,Blue Sky,Soybeans,66,2025,67.6,14.022739726027398,43.0,-17.9,390.5,68.54630136986302,5.581643835616438
F061,Green Leaf,Corn,104,2025,173.9,14.432054794520548,46.2,-17.2,314.7,68.77917808219179,5.745479452054794
F062,Golden Sun,Corn,226,2025,215.3,13.00054794520548,45.1,-19.5,394.0,70.27095890410959,5.574520547945205
F063,Silver Moon,Alfalfa,202,2025,10.5,13.629041095890411,42.2,-19.2,324.8,69.27013698630137,5.736712328767124
F064,Red Barn,Corn,171,2025,223.2,13.312602739726028,42.6,-15.6,355.3,69.09260273972602,5.702191780821918
F065,White Fence,Soybeans,202,2025,61.9,12.661643835616438,44.1,-18.4,320.9,69.27178082191782,5.70082191780822
F066,Old Mill,Corn,111,2025,207.8,13.254246575342465,40.7,-16.4,344.1,70.56849315068493,5.709041095890411
F067,Country Road,Soybeans,215,2025,73.0,12.746849315068495,45.4,-16.1,306.7,70.11041095890411,5.644383561643835
F068,Farm House,Corn,66,2025,231.5,13.367945205479453,43.9,-16.7,244.7,68.89643835616438,5.643287671232877
F069,Pond Side,Corn,66,2025,231.4,11.74931506849315,41.1,-19.0,323.0,69.21753424657534,5.565205479452055
F070,Woods Edge,Soybeans,107,2025,59.1,13.766849315068493,42.6,-18.6,246.9,69.66191780821917,5.775616438356164
F071,Garden Spot,Alfalfa,70,2025,10.2,13.822465753424657,44.5,-15.3,343.6,68.58356164383562,5.716986301369863
F072,Harvest Moon,Wheat,194,2025,55.8,13.817260273972604,43.8,-17.0,353.0,69.78794520547945,5.673698630136987
F073,Spring Rain,Soybeans,225,2025,76.6,13.499726027397259,45.6,-17.8,338.8,70.00794520547946,5.557534246575343
F074,Winter Snow,Corn,228,2025,225.6,14.73972602739726,42.8,-16.2,286.6,69.18575342465753,5.737534246575342
F075,Summer Heat,Alfalfa,215,2025,11.5,12.28876712328767,40.3,-19.7,314.5,68.97287671232877,5.698904109589041
F076,Fall Leaves,Soybeans,176,2025,79.5,13.12849315068493,45.0,-19.2,245.7,68.64767123287672,5.587671232876712
F077,North Ridge,Soybeans,185,2025,70.4,13.865479452054794,45.9,-16.7,411.2,69.34575342465753,5.575342465753424
F078,South Slope,Alfalfa,238,2025,10.4,14.194520547945206,45.5,-19.2,279.5,69.01260273972602,5.748767123287672
F079,East Valley,Soybeans,174,2025,71.7,15.202191780821918,43.6,-15.5,351.1,70.05369863013698,5.742191780821918
F080,West Hill,Wheat,172,2025,48.9,13.184657534246574,43.2,-18.6,268.7,68.40493150684931,5.668219178082192
F081,Center Field,Corn,220,2025,209.1,13.509041095890412,42.2,-16.9,317.4,69.09835616438356,5.736164383561643
F082,Middle Pasture,Alfalfa,78,2025,11.1,14.32219178082192,46.9,-15.1,340.3,69.42575342465754,5.605753424657534
F083,Upper Meadow,Wheat,221,2025,50.8,12.80027397260274,42.5,-15.3,246.7,68.79890410958903,5.615616438356164
F084,Lower Creek,Alfalfa,207,2025,11.4,15.440000000000001,46.6,-18.3,201.8,68.30767123287671,5.601369863013699
F085,Upper Ridge,Alfalfa,138,2025,11.0,12.34191780821918,41.6,-18.3,286.6,68.5095890410959,5.621095890410959
F086,Lower Valley,Corn,114,2025,198.3,13.354794520547944,43.6,-21.4,258.8,68.01260273972602,5.747945205479452
F087,Highland,Alfalfa,247,2025,9.4,13.923287671232877,44.1,-18.8,320.8,68.78493150684932,5.785753424657535
F088,Lowland,Corn,74,2025,200.0,12.979452054794521,44.7,-20.1,313.4,68.59013698630137,5.409589041095891
F089,Prime Acres,Corn,56,2025,199.4,14.65808219178082,47.4,-18.1,334.6,68.9641095890411,5.682191780821918
F090,Heritage Farm,Wheat,58,2025,45.7,13.990410958904109,42.4,-16.1,281.5,69.0813698630137,5.726575342465753
F091,Family Fields,Soybeans,98,2025,71.3,13.83808219178082,42.2,-15.0,290.7,69.89945205479452,5.6219178082191785
F092,Legacy Pasture,Corn,174,2025,202.6,13.136712328767123,43.7,-20.4,275.6,69.01835616438356,5.676986301369863
F093,Founders Field,Alfalfa,98,2025,10.0,14.259178082191783,44.9,-14.6,253.8,68.52575342465754,5.725479452054795
F094,Pioneer Plot,Alfalfa,199,2025,9.4,12.53041095890411,40.5,-17.5,327.1,68.53342465753425,5.527945205479452
F095,Settlement Field,Wheat,54,2025,64.0,13.125205479452054,44.3,-19.2,238.29999999999998,68.31671232876712,5.691780821917808
F096,Homestead Meadow,Soybeans,242,2025,67.3,12.28876712328767,40.3,-19.7,314.5,68.97287671232877,5.698904109589041
F097,Colonial Creek,Alfalfa,116,2025,9.6,13.00054794520548,45.1,-19.5,394.0,70.27095890410959,5.574520547945205
F098,Historic Farm,Corn,180,2025,236.8,13.189315068493151,43.0,-19.3,275.0,69.96849315068494,5.683561643835616
F099,Liberty Field,Soybeans,54,2025,41.9,13.94054794520548,47.4,-17.7,340.3,68.57534246575342,5.613150684931507
F100,Freedom Pasture,Wheat,150,2025,68.5,13.152602739726026,44.4,-17.9,333.1,70.02712328767123,5.704931506849316
F101,Prairie Wind,Wheat,214,2025,63.6,12.57972602739726,43.3,-18.1,250.3,69.10602739726028,5.546849315068493
F102,Golden Harvest,Wheat,156,2025,43.3,13.840000000000002,45.6,-18.4,308.6,68.53424657534246,5.701095890410959
F103,Sunny Slope,Wheat,236,2025,53.1,14.959178082191782,45.9,-14.4,301.7,69.46000000000001,5.816712328767123
F104,Rolling Hills,Soybeans,56,2025,71.9,13.180821917808219,45.3,-16.5,325.1,70.01452054794521,5.610684931506849
F105,Meadow Brook,Wheat,213,2025,45.3,11.775342465753425,42.0,-22.0,241.1,69.26712328767124,5.563013698630137
F106,Old Farmstead,Soybeans,241,2025,74.5,12.60876712328767,43.6,-16.7,368.0,69.81424657534247,5.577260273972603
F107,River Valley,Soybeans,247,2025,52.6,13.688219178082191,45.3,-16.3,329.2,69.0227397260274,5.583561643835616
F108,Creek Side,Soybeans,235,2025,45.8,12.310958904109588,41.7,-17.0,342.59999999999997,68.82191780821918,5.638082191780822
F109,Hilltop View,Alfalfa,53,2025,11.3,13.227945205479452,43.5,-16.0,280.9,68.65150684931507,5.656986301369863
F110,Valley Floor,Alfalfa,218,2025,9.1,13.12849315068493,45.0,-19.2,245.7,68.64767123287672,5.587671232876712
F111,North Pasture,Soybeans,193,2025,57.8,13.127123287671232,42.7,-18.0,254.5,68.29808219178082,5.6438356164383565
F112,South Meadow,Alfalfa,124,2025,11.3,12.703835616438354,40.6,-18.8,279.6,68.51287671232878,5.525205479452055
F113,East Ridge,Alfalfa,80,2025,9.4,14.077808219178081,46.0,-16.7,274.3,67.71506849315068,5.83013698630137
F114,West Field,Corn,127,2025,208.8,13.709863013698632,41.8,-15.8,248.6,67.94958904109589,5.456712328767123
F115,Center Pasture,Alfalfa,208,2025,11.9,13.5213698630137,44.1,-18.4,324.9,68.91972602739726,5.6975342465753425
F116,Corner Plot,Corn,162,2025,208.6,12.488767123287671,46.1,-19.3,240.1,68.60876712328768,5.730410958904109
F117,Back Forty,Alfalfa,82,2025,8.7,13.112876712328767,43.8,-17.2,298.4,69.51506849315068,5.668219178082192
F118,Front Acres,Alfalfa,164,2025,10.3,12.003835616438355,40.2,-18.9,299.2,69.6986301369863,5.604109589041096
F119,Home Farm,Corn,202,2025,204.6,11.820273972602738,41.4,-18.2,272.0,68.39287671232877,5.6438356164383565
F120,Cross Creek,Alfalfa,121,2025,10.8,13.215068493150685,43.5,-17.9,284.5,69.03424657534246,5.651232876712328
F121,Deep Water,Corn,230,2025,212.9,13.557534246575342,41.8,-15.8,282.9,70.10712328767123,5.624383561643836
F122,Sandy Loam,Alfalfa,241,2025,10.1,13.720273972602739,41.6,-16.0,384.2,69.52301369863014,5.651780821917808
F123,Clay Bank,Wheat,237,2025,59.2,13.227945205479452,43.5,-16.0,280.9,68.65150684931507,5.656986301369863
F124,Gravel Pit,Wheat,72,2025,52.9,13.648493150684931,44.0,-16.8,368.5,69.64630136986301,5.599178082191781
F125,Timber Edge,Corn,217,2025,230.7,14.003287671232876,43.6,-18.0,346.9,69.14575342465754,5.684109589041095
F126,Oak Hill,Corn,224,2025,223.3,14.352602739726027,41.6,-21.1,370.3,69.16356164383562,5.712328767123288
F127,Maple Grove,Alfalfa,77,2025,10.2,13.238356164383562,42.4,-16.6,259.2,68.39506849315069,5.648767123287672
F128,Cedar Lane,Soybeans,226,2025,58.2,11.996712328767124,44.0,-18.0,297.8,67.86630136986301,5.622191780821917
F129,Pine Ridge,Soybeans,176,2025,61.7,13.441643835616437,43.0,-15.3,351.2,68.32054794520548,5.807123287671232
F130,Birch Run,Alfalfa,80,2025,8.5,13.392876712328766,42.0,-17.6,298.9,68.85342465753425,5.628219178082192
F131,Willow Bend,Soybeans,141,2025,82.1,14.165479452054793,42.6,-15.5,280.6,70.34082191780823,5.5010958904109595
F132,Elm Creek,Corn,241,2025,180.3,12.97041095890411,43.3,-19.8,296.6,68.8909589041096,5.6528767123287675
F133,Ash Grove,Corn,236,2025,225.6,13.418082191780822,44.5,-17.6,260.1,69.00082191780822,5.601917808219178
F134,Spruce Point,Wheat,109,2025,69.3,12.163835616438357,41.5,-16.3,276.5,69.16986301369863,5.70082191780822
F135,Fir Branch,Wheat,224,2025,65.8,14.534520547945206,44.5,-16.9,347.6,70.73972602739725,5.658082191780822
F136,Juniper Field,Alfalfa,94,2025,9.5,13.69095890410959,43.7,-16.9,334.40000000000003,68.81068493150686,5.729589041095891
F137,Cypress Swamp,Soybeans,90,2025,65.1,12.59835616438356,41.2,-15.8,309.2,69.49616438356163,5.58986301369863
F138,Redbud Patch,Corn,183,2025,217.7,13.441643835616437,43.0,-15.3,351.2,68.32054794520548,5.807123287671232
F139,Dogwood Corner,Soybeans,193,2025,78.3,13.785479452054794,45.7,-18.3,330.6,68.44739726027397,5.657808219178082
F140,Magnolia Plot,Soybeans,225,2025,76.5,12.645753424657533,43.8,-19.9,254.3,69.91041095890411,5.68931506849315
F141,Hickory Hollow,Wheat,192,2025,70.5,12.448219178082192,43.6,-17.7,305.5,69.04246575342465,5.418356164383562
F142,Walnut Grove,Corn,154,2025,258.3,12.836712328767122,43.2,-18.3,351.7,69.1041095890411,5.568493150684931
F143,Chestnut Hill,Corn,208,2025,186.8,15.19041095890411,45.7,-14.9,291.7,68.52712328767123,5.86054794520548
F144,Sycamore Ridge,Corn,244,2025,257.0,14.07123287671233,43.5,-16.0,267.9,69.37753424657534,5.754520547945206
F145,Poplar Field,Alfalfa,209,2025,10.4,14.057534246575342,44.0,-16.3,287.0,67.88301369863014,5.633424657534246
F146,Cotton Row,Soybeans,234,2025,48.5,13.17013698630137,42.2,-18.4,290.4,68.35452054794521,5.613972602739726
F147,Tobacco Barn,Corn,177,2025,204.4,13.662465753424659,41.3,-17.1,339.4,70.47890410958904,5.737260273972603
F148,Corn Patch,Corn,132,2025,186.2,13.913424657534245,43.9,-16.4,294.9,69.02520547945205,5.726301369863013
F149,Soybean Field,Alfalfa,174,2025,9.6,14.242465753424657,43.8,-18.0,295.2,69.22301369863014,5.791506849315069
F150,Wheat Acre,Corn,180,2025,248.4,12.946849315068494,49.7,-19.9,291.9,69.25342465753425,5.740273972602739
F151,Alfalfa Stand,Wheat,186,2025,76.7,12.60876712328767,43.6,-16.7,368.0,69.81424657534247,5.577260273972603
F152,Clover Field,Soybeans,142,2025,70.8,14.477534246575344,44.1,-16.1,352.2,68.82876712328768,5.664383561643835
F153,Bluegrass Pasture,Soybeans,205,2025,81.0,14.282465753424658,44.0,-18.8,334.8,68.81095890410958,5.766575342465754
F154,Fescue Meadow,Soybeans,158,2025,55.1,14.175068493150684,48.1,-18.2,349.4,70.02493150684931,5.643013698630137
F155,Timothy Lot,Alfalfa,183,2025,11.0,14.796712328767123,46.4,-15.1,320.1,69.48082191780821,5.488219178082192
F156,Brome Grass,Soybeans,76,2025,53.3,13.17013698630137,42.2,-18.4,290.4,68.35452054794521,5.613972602739726
F157,Orchard Row,Corn,89,2025,211.4,13.840000000000002,45.6,-18.4,308.6,68.53424657534246,5.701095890410959
F158,Vineyard Hill,Wheat,77,2025,41.8,14.65808219178082,47.4,-18.1,334.6,68.9641095890411,5.682191780821918
F159,Berry Patch,Wheat,191,2025,56.4,12.42054794520548,39.4,-19.1,352.3,69.46328767123288,5.581095890410959
F160,Vegetable Plot,Alfalfa,168,2025,10.1,13.245205479452055,44.8,-21.6,337.9,69.40109589041096,5.60986301369863
F161,Garden Row,Alfalfa,180,2025,8.8,12.983287671232876,44.2,-17.2,389.0,69.13260273972602,5.689863013698631
F162,Orchard Acre,Corn,145,2025,185.4,12.354520547945205,41.3,-18.6,368.1,69.26191780821918,5.544383561643836
F163,Fruit Grove,Wheat,204,2025,57.4,14.10876712328767,42.7,-16.9,345.4,69.10931506849316,5.677534246575343
F164,Nut Orchard,Alfalfa,150,2025,8.8,14.358630136986301,46.1,-18.3,353.7,68.34356164383561,5.842191780821918
F165,Silage Field,Corn,124,2025,209.2,12.66904109589041,41.2,-21.2,358.7,70.03150684931506,5.546027397260274
F166,Cover Crop,Corn,190,2025,206.0,13.692602739726027,41.9,-16.7,299.6,69.70054794520549,5.637534246575342
F167,Green Manure,Alfalfa,70,2025,10.5,12.97041095890411,43.3,-19.8,296.6,68.8909589041096,5.6528767123287675
F168,Fallow Ground,Soybeans,58,2025,56.1,14.150684931506849,44.1,-15.3,326.0,69.33205479452054,5.635890410958904
F169,Set Aside,Corn,226,2025,218.5,12.387397260273971,46.0,-17.6,342.3,69.8945205479452,5.526301369863013
F170,Conservation Area,Alfalfa,172,2025,11.9,14.287671232876713,44.6,-17.1,361.6,69.06657534246575,5.574246575342466
F171,Wetland Buffer,Alfalfa,236,2025,9.1,13.922739726027398,45.0,-16.9,232.29999999999998,68.57479452054794,5.6438356164383565
F172,Filter Strip,Corn,92,2025,232.9,12.977534246575344,44.6,-18.9,287.9,69.58219178082192,5.54082191780822
F173,Grass Waterway,Wheat,119,2025,66.2,13.039178082191782,41.4,-16.6,314.1,69.80219178082191,5.601643835616438
F174,Terrace Row,Wheat,156,2025,37.8,12.282191780821918,40.7,-18.7,312.4,68.74136986301369,5.451780821917809
F175,Contour Strip,Corn,127,2025,203.2,13.057534246575342,40.5,-22.7,307.5,69.01753424657535,5.705205479452055
F176,Windbreak Lane,Alfalfa,97,2025,9.2,12.512876712328767,44.2,-17.9,329.9,68.26575342465753,5.643013698630137
F177,Shelter Belt,Soybeans,58,2025,76.5,13.442191780821917,43.9,-15.3,283.6,69.18739726027398,5.571780821917808
F178,Hedgerow Field,Soybeans,206,2025,65.5,13.94054794520548,47.4,-17.7,340.3,68.57534246575342,5.613150684931507
F179,Pollinator Patch,Soybeans,89,2025,73.4,13.879726027397261,41.5,-18.5,226.0,68.54602739726027,5.730958904109589
F180,Wildlife Food Plot,Corn,116,2025,239.7,13.179178082191779,45.5,-17.6,386.4,69.75041095890411,5.553698630136986
F181,Native Prairie,Alfalfa,53,2025,9.7,11.597260273972603,41.9,-19.4,223.4,68.02958904109589,5.404383561643836
F182,Restored Wetland,Corn,157,2025,196.6,14.410136986301369,44.3,-16.6,305.4,69.40904109589042,5.693972602739726
F183,Woodland Edge,Corn,180,2025,235.3,12.513698630136986,42.4,-17.4,301.5,69.13205479452056,5.598356164383562
F184,Riparian Zone,Soybeans,141,2025,62.0,14.419178082191781,42.2,-16.6,351.1,70.25369863013698,5.841643835616438
F185,Steep Pasture,Soybeans,66,2025,64.9,13.329041095890412,50.5,-18.0,385.2,68.90191780821918,5.624931506849315
F186,Gentle Slope,Alfalfa,110,2025,9.1,13.51917808219178,44.0,-16.0,307.3,70.02109589041096,5.64931506849315
F187,Level Terrain,Alfalfa,168,2025,9.4,14.144109589041097,45.2,-19.2,298.5,68.74904109589042,5.64958904109589
F188,Rolling Upland,Corn,226,2025,219.6,13.651232876712328,42.3,-16.7,269.3,68.02438356164384,5.713150684931508
F189,Bottom Floodplain,Corn,98,2025,250.9,13.655342465753424,44.5,-19.3,290.5,69.10082191780822,5.656438356164383
F190,Terrace Top,Alfalfa,86,2025,10.7,12.02931506849315,42.0,-20.4,294.8,68.51287671232878,5.459452054794521
F191,Hill Shoulder,Corn,86,2025,203.1,13.643835616438356,43.3,-17.0,266.5,68.44328767123288,5.855068493150685
F192,Valley Bottom,Wheat,122,2025,47.5,13.033698630136987,44.2,-16.2,393.4,69.35945205479452,5.6695890410958905
F193,Plateau Field,Wheat,132,2025,68.5,11.485753424657535,39.7,-19.9,221.6,67.24356164383562,5.641643835616438
F194,Escarpment Edge,Alfalfa,101,2025,10.4,13.793150684931506,44.8,-16.3,302.2,67.66876712328767,5.7753424657534245
F195,Draw Meadow,Alfalfa,67,2025,8.0,13.913424657534245,43.9,-16.4,294.9,69.02520547945205,5.726301369863013
F196,Seepage Area,Wheat,231,2025,66.7,14.123561643835618,42.3,-15.6,278.2,68.66493150684931,5.78986301369863
F197,Spring Fed,Alfalfa,188,2025,10.4,14.403835616438355,46.0,-21.3,262.3,68.1468493150685,5.815068493150685
F198,Rainwater Catch,Soybeans,173,2025,60.9,12.020547945205479,44.0,-19.6,268.9,69.59945205479451,5.5010958904109595
F199,Irrigation Plot,Wheat,96,2025,69.9,13.89123287671233,42.6,-17.8,318.1,70.98739726027398,5.6627397260273975
F200,Dry Land Acre,Wheat,123,2025,50.7,12.585205479452055,42.2,-16.6,311.5,69.59917808219178,5.385205479452055
